var1,var2,var3,var4,var5,var6,var7,var8,target
1080,0,0,324,5,2080,1352,56,79.99 
1080,0,0,324,5,2110,1352,56,61.89 
665,285,0,456,0,1864,1188,540,40.27 
665,285,0,456,0,1864,1188,730,41.05 
397.2,264.8,0,384,0,1956.8,1651,720,44.30 
532,228,0,456,0,1864,1340,180,47.03 
760,190,0,456,0,1864,1188,730,43.70 
760,190,0,456,0,1864,1188,56,36.45 
532,228,0,456,0,1864,1340,56,45.85 
950,0,0,456,0,1864,1188,56,39.29 
397.2,264.8,0,384,0,1956.8,1651,180,38.07 
397.2,264.8,0,384,0,1956.8,1651,56,28.02 
855,95,0,456,0,1864,1188,540,43.01 
380,380,0,456,0,1864,1340,180,42.33 
608,152,0,456,0,1864,1340,56,47.81 
760,0,0,456,0,1864,1340,180,52.91 
279.2,418.8,0,384,0,2094,1613.8,180,39.36 
684,76,0,456,0,1864,1340,730,56.14 
760,190,0,456,0,1864,1188,180,40.56 
950,0,0,456,0,1864,1188,360,42.62 
855,95,0,456,0,1864,1188,360,41.84 
279.2,418.8,0,384,0,2094,1613.8,56,28.24 
279.2,418.8,0,384,0,2094,1613.8,6,8.06 
279.2,418.8,0,384,0,2094,1613.8,360,44.21 
760,0,0,456,0,1864,1340,730,52.52 
760,0,0,456,0,1864,1340,540,53.30 
760,190,0,456,0,1864,1188,540,41.15 
684,76,0,456,0,1864,1340,360,52.12 
855,95,0,456,0,1864,1188,56,37.43 
950,0,0,456,0,1864,1188,14,38.60 
608,152,0,456,0,1864,1340,730,55.26 
532,228,0,456,0,1864,1340,730,52.91 
397.2,264.8,0,384,0,1956.8,1651,360,41.72 
950,0,0,456,0,1864,1188,540,42.13 
380,380,0,456,0,1864,1340,730,53.69 
475,475,0,456,0,1864,1188,540,38.41 
475,475,0,456,0,1864,1188,56,30.08 
665,285,0,456,0,1864,1188,180,37.72 
950,0,0,456,0,1864,1188,180,42.23 
475,475,0,456,0,1864,1188,360,36.25 
684,76,0,456,0,1864,1340,180,50.46 
855,95,0,456,0,1864,1188,730,43.70 
475,475,0,456,0,1864,1188,730,39.00 
760,0,0,456,0,1864,1340,360,53.10 
855,95,0,456,0,1864,1188,180,41.54 
855,95,0,456,0,1864,1188,14,35.08 
698,0,0,384,0,2094,1613.8,6,15.05 
760,190,0,456,0,1864,1188,360,40.76 
475,475,0,456,0,1864,1188,14,26.26 
760,190,0,456,0,1864,1188,14,32.82 
665,285,0,456,0,1864,1188,360,39.78 
380,380,0,456,0,1864,1340,360,46.93 
475,475,0,456,0,1864,1188,180,33.12 
608,152,0,456,0,1864,1340,180,49.19 
279.2,418.8,0,384,0,2094,1613.8,14,14.59 
397.2,264.8,0,384,0,1956.8,1651,14,14.64 
950,0,0,456,0,1864,1188,730,41.93 
397.2,264.8,0,384,0,1956.8,1651,6,9.13 
608,152,0,456,0,1864,1340,360,50.95 
665,285,0,456,0,1864,1188,56,33.02 
608,152,0,456,0,1864,1340,540,54.38 
532,228,0,456,0,1864,1340,540,51.73 
620,0,0,384,0,1942,1701.2,6,9.87 
380,380,0,456,0,1864,1340,540,50.66 
532,228,0,456,0,1864,1340,360,48.70 
684,76,0,456,0,1864,1340,540,55.06 
279.2,418.8,0,384,0,2094,1613.8,720,44.70 
665,285,0,456,0,1864,1188,14,30.28 
380,380,0,456,0,1864,1340,56,40.86 
970,0,0,292,0,2240,1600,56,71.99 
748,378.4,0,340.2,20.2,1852.2,1513.4,6,34.40 
626.6,524.4,0,351,17.2,2093.8,1223.6,6,28.80 
850,212.6,0,307,33,1704.2,1774.2,6,33.40 
850,212.6,0,302.8,37.2,1872,1607.4,6,36.30 
750,187.6,0,253.2,46.8,1704.2,1985.2,6,29.00 
950,237.6,0,362.2,17.8,1704.2,1563,6,37.80 
938,234.4,0,275.6,64.4,1704.2,1681,6,40.20 
850,212.6,0,307,33,1704.2,1774.2,6,33.40 
777.2,194.2,0,315.8,24.2,1704.2,1851.4,6,28.10 
1062.6,0,0,283.6,56.4,1704.2,1787.4,6,41.30 
850,212.6,0,307,33,1704.2,1774.2,6,33.40 
637.6,425,0,311.4,28.6,1704.2,1760.8,6,25.20 
803.6,189.4,0,294.8,22.8,1893.6,1704.2,6,41.10 
725.2,378,0,329.8,23.2,1889.4,1511.6,6,35.30 
647.4,565.6,0,367.6,20.6,1885.4,1319.8,6,28.30 
759,302.4,0,307.8,31.8,2268.6,1210,6,28.60 
725.2,378,0,329.8,23.2,1889.4,1511.6,6,35.30 
572.6,401.8,0,289.4,22.4,2009.2,1607.4,6,24.40 
725.2,378,0,329.8,23.2,1889.4,1511.6,6,35.30 
878,354,0,372,22.2,1769.8,1415.8,6,39.30 
779.8,378,0,291.8,44,1889.4,1511.6,6,40.60 
725.2,378,0,329.8,23.2,1889.4,1511.6,6,35.30 
675.8,378,0,349.8,19,1889.4,1511.6,6,24.10 
748,378.4,0,340.2,20.2,1852.2,1513.4,14,46.20 
626.6,524.4,0,351,17.2,2093.8,1223.6,14,42.80 
850,212.6,0,307,33,1704.2,1774.2,14,49.20 
850,212.6,0,302.8,37.2,1872,1607.4,14,46.80 
750,187.6,0,253.2,46.8,1704.2,1985.2,14,45.70 
950,237.6,0,362.2,17.8,1704.2,1563,14,55.60 
938,234.4,0,275.6,64.4,1704.2,1681,14,54.90 
850,212.6,0,307,33,1704.2,1774.2,14,49.20 
777.2,194.2,0,315.8,24.2,1704.2,1851.4,14,34.90 
1062.6,0,0,283.6,56.4,1704.2,1787.4,14,46.90 
850,212.6,0,307,33,1704.2,1774.2,14,49.20 
637.6,425,0,311.4,28.6,1704.2,1760.8,14,33.40 
803.6,189.4,0,294.8,22.8,1893.6,1704.2,14,54.10 
725.2,378,0,329.8,23.2,1889.4,1511.6,14,55.90 
647.4,565.6,0,367.6,20.6,1885.4,1319.8,14,49.80 
759,302.4,0,307.8,31.8,2268.6,1210,14,47.10 
725.2,378,0,329.8,23.2,1889.4,1511.6,14,55.90 
572.6,401.8,0,289.4,22.4,2009.2,1607.4,14,38.00 
725.2,378,0,329.8,23.2,1889.4,1511.6,14,55.90 
878,354,0,372,22.2,1769.8,1415.8,14,56.10 
779.8,378,0,291.8,44,1889.4,1511.6,14,59.09 
725.2,378,0,329.8,23.2,1889.4,1511.6,14,22.90 
675.8,378,0,349.8,19,1889.4,1511.6,14,35.10 
748,378.4,0,340.2,20.2,1852.2,1513.4,56,61.09 
626.6,524.4,0,351,17.2,2093.8,1223.6,56,59.80 
850,212.6,0,307,33,1704.2,1774.2,56,60.29 
850,212.6,0,302.8,37.2,1872,1607.4,56,61.80 
750,187.6,0,253.2,46.8,1704.2,1985.2,56,56.70 
950,237.6,0,362.2,17.8,1704.2,1563,56,68.30 
938,234.4,0,275.6,64.4,1704.2,1681,56,66.90 
850,212.6,0,307,33,1704.2,1774.2,56,60.29 
777.2,194.2,0,315.8,24.2,1704.2,1851.4,56,50.70 
1062.6,0,0,283.6,56.4,1704.2,1787.4,56,56.40 
850,212.6,0,307,33,1704.2,1774.2,56,60.29 
637.6,425,0,311.4,28.6,1704.2,1760.8,56,55.50 
803.6,189.4,0,294.8,22.8,1893.6,1704.2,56,68.50 
725.2,378,0,329.8,23.2,1889.4,1511.6,56,71.30 
647.4,565.6,0,367.6,20.6,1885.4,1319.8,56,74.70 
759,302.4,0,307.8,31.8,2268.6,1210,56,52.20 
725.2,378,0,329.8,23.2,1889.4,1511.6,56,71.30 
572.6,401.8,0,289.4,22.4,2009.2,1607.4,56,67.70 
725.2,378,0,329.8,23.2,1889.4,1511.6,56,71.30 
878,354,0,372,22.2,1769.8,1415.8,56,66.00 
779.8,378,0,291.8,44,1889.4,1511.6,56,74.50 
725.2,378,0,329.8,23.2,1889.4,1511.6,56,71.30 
675.8,378,0,349.8,19,1889.4,1511.6,56,49.90 
748,378.4,0,340.2,20.2,1852.2,1513.4,112,63.40 
626.6,524.4,0,351,17.2,2093.8,1223.6,112,64.90 
850,212.6,0,307,33,1704.2,1774.2,112,64.30 
850,212.6,0,302.8,37.2,1872,1607.4,112,64.90 
750,187.6,0,253.2,46.8,1704.2,1985.2,112,60.20 
950,237.6,0,362.2,17.8,1704.2,1563,112,72.30 
938,234.4,0,275.6,64.4,1704.2,1681,112,69.30 
850,212.6,0,307,33,1704.2,1774.2,112,64.30 
777.2,194.2,0,315.8,24.2,1704.2,1851.4,112,55.20 
1062.6,0,0,283.6,56.4,1704.2,1787.4,112,58.80 
850,212.6,0,307,33,1704.2,1774.2,112,64.30 
637.6,425,0,311.4,28.6,1704.2,1760.8,112,66.10 
803.6,189.4,0,294.8,22.8,1893.6,1704.2,112,73.70 
725.2,378,0,329.8,23.2,1889.4,1511.6,112,77.30 
647.4,565.6,0,367.6,20.6,1885.4,1319.8,112,80.20 
759,302.4,0,307.8,31.8,2268.6,1210,112,54.90 
725.2,378,0,329.8,23.2,1889.4,1511.6,112,77.30 
572.6,401.8,0,289.4,22.4,2009.2,1607.4,112,72.99 
725.2,378,0,329.8,23.2,1889.4,1511.6,112,77.30 
878,354,0,372,22.2,1769.8,1415.8,112,71.70 
779.8,378,0,291.8,44,1889.4,1511.6,112,79.40 
725.2,378,0,329.8,23.2,1889.4,1511.6,112,77.30 
675.8,378,0,349.8,19,1889.4,1511.6,112,59.89 
748,378.4,0,340.2,20.2,1852.2,1513.4,182,64.90 
626.6,524.4,0,351,17.2,2093.8,1223.6,182,66.60 
850,212.6,0,307,33,1704.2,1774.2,182,65.20 
850,212.6,0,302.8,37.2,1872,1607.4,182,66.70 
750,187.6,0,253.2,46.8,1704.2,1985.2,182,62.50 
950,237.6,0,362.2,17.8,1704.2,1563,182,74.19 
938,234.4,0,275.6,64.4,1704.2,1681,182,70.70 
850,212.6,0,307,33,1704.2,1774.2,182,65.20 
777.2,194.2,0,315.8,24.2,1704.2,1851.4,182,57.60 
1062.6,0,0,283.6,56.4,1704.2,1787.4,182,59.20 
850,212.6,0,307,33,1704.2,1774.2,182,65.20 
637.6,425,0,311.4,28.6,1704.2,1760.8,182,68.10 
803.6,189.4,0,294.8,22.8,1893.6,1704.2,182,75.50 
725.2,378,0,329.8,23.2,1889.4,1511.6,182,79.30 
759,302.4,0,307.8,31.8,2268.6,1210,182,56.50 
725.2,378,0,329.8,23.2,1889.4,1511.6,182,79.30 
572.6,401.8,0,289.4,22.4,2009.2,1607.4,182,76.80 
725.2,378,0,329.8,23.2,1889.4,1511.6,182,79.30 
878,354,0,372,22.2,1769.8,1415.8,182,73.30 
779.8,378,0,291.8,44,1889.4,1511.6,182,82.60 
725.2,378,0,329.8,23.2,1889.4,1511.6,182,79.30 
675.8,378,0,349.8,19,1889.4,1511.6,182,67.80 
444.72,0,193.34,378.58,8.92,1934.16,1740.64,6,11.58 
444.72,0,193.34,378.58,8.92,1934.16,1740.64,28,24.45 
444.72,0,193.34,378.58,8.92,1934.16,1740.64,56,24.89 
444.72,0,193.34,378.58,8.92,1934.16,1740.64,112,29.45 
444.72,0,193.34,378.58,8.92,1934.16,1740.64,200,40.71 
467.62,0,189.16,395.78,9.134,1894.08,1704.32,6,10.38 
467.62,0,189.16,395.78,9.134,1894.08,1704.32,28,22.14 
467.62,0,189.16,395.78,9.134,1894.08,1704.32,56,22.84 
467.62,0,189.16,395.78,9.134,1894.08,1704.32,112,27.66 
467.62,0,189.16,395.78,9.134,1894.08,1704.32,200,34.56 
389.36,0,201.04,331.24,14.96,2012.8,1811.8,6,12.45 
389.36,0,201.04,331.24,14.96,2012.8,1811.8,28,24.99 
389.36,0,201.04,331.24,14.96,2012.8,1811.8,56,25.72 
389.36,0,201.04,331.24,14.96,2012.8,1811.8,112,33.96 
389.36,0,201.04,331.24,14.96,2012.8,1811.8,200,37.34 
381.36,0,250.8,324.28,15.54,2180,1608.02,6,15.04 
381.36,0,250.8,324.28,15.54,2180,1608.02,28,21.06 
381.36,0,250.8,324.28,15.54,2180,1608.02,56,26.40 
381.36,0,250.8,324.28,15.54,2180,1608.02,112,35.34 
381.36,0,250.8,324.28,15.54,2180,1608.02,200,40.57 
424.14,0,243.24,360.62,11.38,2115.2,1558.64,6,12.47 
424.14,0,243.24,360.62,11.38,2115.2,1558.64,28,20.92 
424.14,0,243.24,360.62,11.38,2115.2,1558.64,56,24.90 
424.14,0,243.24,360.62,11.38,2115.2,1558.64,112,34.20 
424.14,0,243.24,360.62,11.38,2115.2,1558.64,200,39.61 
459.94,0,236.62,390.94,9.26,2058.8,1517.18,6,10.03 
459.94,0,236.62,390.94,9.26,2058.8,1517.18,28,20.08 
459.94,0,236.62,390.94,9.26,2058.8,1517.18,56,24.48 
459.94,0,236.62,390.94,9.26,2058.8,1517.18,112,31.54 
459.94,0,236.62,390.94,9.26,2058.8,1517.18,200,35.34 
380.68,0,250.36,323.7,19.76,2176.2,1605.18,6,9.45 
380.68,0,250.36,323.7,19.76,2176.2,1605.18,28,22.72 
380.68,0,250.36,323.7,19.76,2176.2,1605.18,56,28.47 
380.68,0,250.36,323.7,19.76,2176.2,1605.18,112,38.56 
380.68,0,250.36,323.7,19.76,2176.2,1605.18,200,40.39 
332.18,0,326.54,352.92,8.98,2117.2,1560.18,6,10.76 
332.18,0,326.54,352.92,8.98,2117.2,1560.18,28,25.48 
332.18,0,326.54,352.92,8.98,2117.2,1560.18,56,21.54 
332.18,0,326.54,352.92,8.98,2117.2,1560.18,112,28.63 
332.18,0,326.54,352.92,8.98,2117.2,1560.18,200,33.54 
335.9,84.16,327.66,243.5,11.44,2117.4,1560.22,6,7.75 
335.9,84.16,327.66,243.5,11.44,2117.4,1560.22,28,17.82 
335.9,84.16,327.66,243.5,11.44,2117.4,1560.22,56,24.24 
335.9,84.16,327.66,243.5,11.44,2117.4,1560.22,112,32.85 
335.9,84.16,327.66,243.5,11.44,2117.4,1560.22,200,39.23 
427.44,196.1,49.02,363.42,13.72,2131.6,1570.76,6,18.00 
427.44,196.1,49.02,363.42,13.72,2131.6,1570.76,28,30.39 
427.44,196.1,49.02,363.42,13.72,2131.6,1570.76,56,45.71 
427.44,196.1,49.02,363.42,13.72,2131.6,1570.76,112,50.77 
427.44,196.1,49.02,363.42,13.72,2131.6,1570.76,200,53.90 
427.52,196.12,49.04,363.48,13.3,2132,1571.04,6,13.18 
427.52,196.12,49.04,363.48,13.3,2132,1571.04,28,17.84 
427.52,196.12,49.04,363.48,13.3,2132,1571.04,56,40.23 
427.52,196.12,49.04,363.48,13.3,2132,1571.04,112,47.13 
427.52,196.12,49.04,363.48,13.3,2132,1571.04,200,49.97 
459.36,0,236.32,390.46,12.26,2056.2,1515.26,6,13.36 
459.36,0,236.32,390.46,12.26,2056.2,1515.26,28,22.32 
459.36,0,236.32,390.46,12.26,2056.2,1515.26,56,24.54 
459.36,0,236.32,390.46,12.26,2056.2,1515.26,112,31.35 
459.36,0,236.32,390.46,12.26,2056.2,1515.26,200,40.86 
476.1,0,188.22,373.32,14,1899.82,1694.02,6,19.93 
476.1,0,188.22,373.32,14,1899.82,1694.02,28,25.69 
476.1,0,188.22,373.32,14,1899.82,1694.02,56,30.23 
476.1,0,188.22,373.32,14,1899.82,1694.02,112,39.59 
476.1,0,188.22,373.32,14,1899.82,1694.02,200,44.30 
500,0,191.38,374.84,11.06,1913.72,1722.34,6,13.82 
500,0,191.38,374.84,11.06,1913.72,1722.34,28,24.92 
500,0,191.38,374.84,11.06,1913.72,1722.34,56,29.22 
500,0,191.38,374.84,11.06,1913.72,1722.34,112,38.33 
500,0,191.38,374.84,11.06,1913.72,1722.34,200,42.35 
425.04,0,200.74,318.64,17.42,2015.6,1807.18,6,13.54 
425.04,0,200.74,318.64,17.42,2015.6,1807.18,28,26.31 
425.04,0,200.74,318.64,17.42,2015.6,1807.18,56,31.64 
425.04,0,200.74,318.64,17.42,2015.6,1807.18,112,42.55 
425.04,0,200.74,318.64,17.42,2015.6,1807.18,200,42.92 
425.14,0,200.78,318.7,20.74,2007.6,1807.58,6,13.33 
425.14,0,200.78,318.7,20.74,2007.6,1807.58,28,25.37 
425.14,0,200.78,318.7,20.74,2007.6,1807.58,56,37.40 
425.14,0,200.78,318.7,20.74,2007.6,1807.58,112,44.40 
425.14,0,200.78,318.7,20.74,2007.6,1807.58,200,47.74 
424,0,249.56,318,15.68,2170.8,1599.08,6,19.52 
424,0,249.56,318,15.68,2170.8,1599.08,28,31.35 
424,0,249.56,318,15.68,2170.8,1599.08,56,38.50 
424,0,249.56,318,15.68,2170.8,1599.08,112,45.08 
424,0,249.56,318,15.68,2170.8,1599.08,200,47.82 
463.5,0,243.24,347.92,13.44,2112.8,1556.9,6,15.44 
463.5,0,243.24,347.92,13.44,2112.8,1556.9,28,26.77 
463.5,0,243.24,347.92,13.44,2112.8,1556.9,56,33.73 
463.5,0,243.24,347.92,13.44,2112.8,1556.9,112,42.70 
463.5,0,243.24,347.92,13.44,2112.8,1556.9,200,45.84 
502.74,0,236.54,376.9,11.5,2056.8,1515.46,6,17.22 
502.74,0,236.54,376.9,11.5,2056.8,1515.46,28,29.93 
502.74,0,236.54,376.9,11.5,2056.8,1515.46,56,29.65 
502.74,0,236.54,376.9,11.5,2056.8,1515.46,112,36.97 
502.74,0,236.54,376.9,11.5,2056.8,1515.46,200,43.58 
502.74,0,236.54,376.9,12.7,2056.8,1515.46,6,13.12 
502.74,0,236.54,376.9,12.7,2056.8,1515.46,28,24.43 
502.74,0,236.54,376.9,12.7,2056.8,1515.46,56,32.66 
502.74,0,236.54,376.9,12.7,2056.8,1515.46,112,36.64 
502.74,0,236.54,376.9,12.7,2056.8,1515.46,200,44.21 
362.76,0,334.02,339.18,15.12,2111.2,1555.6,6,13.62 
362.76,0,334.02,339.18,15.12,2111.2,1555.6,28,21.60 
362.76,0,334.02,339.18,15.12,2111.2,1555.6,56,27.77 
362.76,0,334.02,339.18,15.12,2111.2,1555.6,112,35.57 
362.76,0,334.02,339.18,15.12,2111.2,1555.6,200,45.37 
364.08,90.42,243.94,340.42,16.38,2118.8,1561.3,6,7.32 
364.08,90.42,243.94,340.42,16.38,2118.8,1561.3,28,21.50 
364.08,90.42,243.94,340.42,16.38,2118.8,1561.3,56,31.27 
364.08,90.42,243.94,340.42,16.38,2118.8,1561.3,112,43.50 
364.08,90.42,243.94,340.42,16.38,2118.8,1561.3,200,48.67 
337.76,84.44,248.5,316.66,21.66,2161.6,1592.3,6,7.40 
337.76,84.44,248.5,316.66,21.66,2161.6,1592.3,28,23.51 
337.76,84.44,248.5,316.66,21.66,2161.6,1592.3,56,31.12 
337.76,84.44,248.5,316.66,21.66,2161.6,1592.3,112,39.15 
337.76,84.44,248.5,316.66,21.66,2161.6,1592.3,200,48.15 
580.7,0,192.36,336.16,18.82,1922.36,1730,6,22.50 
580.7,0,192.36,336.16,18.82,1922.36,1730,28,34.67 
580.7,0,192.36,336.16,18.82,1922.36,1730,56,34.74 
580.7,0,192.36,336.16,18.82,1922.36,1730,112,45.08 
580.7,0,192.36,336.16,18.82,1922.36,1730,200,48.97 
554.1,0,194.78,321.2,23.66,1947.8,1751.22,6,23.14 
554.1,0,194.78,321.2,23.66,1947.8,1751.22,28,41.89 
554.1,0,194.78,321.2,23.66,1947.8,1751.22,56,48.28 
554.1,0,194.78,321.2,23.66,1947.8,1751.22,112,51.04 
554.1,0,194.78,321.2,23.66,1947.8,1751.22,200,55.64 
591.42,0,191.28,343.08,17.74,1910.28,1718.4,6,22.95 
591.42,0,191.28,343.08,17.74,1910.28,1718.4,28,35.23 
591.42,0,191.28,343.08,17.74,1910.28,1718.4,56,39.94 
591.42,0,191.28,343.08,17.74,1910.28,1718.4,112,48.72 
591.42,0,191.28,343.08,17.74,1910.28,1718.4,200,52.04 
503.62,0,199.88,292.28,24.7,2012,1799.52,6,21.02 
503.62,0,199.88,292.28,24.7,2012,1799.52,28,33.36 
503.62,0,199.88,292.28,24.7,2012,1799.52,56,33.94 
503.62,0,199.88,292.28,24.7,2012,1799.52,112,44.14 
503.62,0,199.88,292.28,24.7,2012,1799.52,200,45.37 
498.2,0,197.5,316.22,25.6,1975.52,1778.02,6,15.36 
498.2,0,197.5,316.22,25.6,1975.52,1778.02,28,28.68 
498.2,0,197.5,316.22,25.6,1975.52,1778.02,56,30.85 
498.2,0,197.5,316.22,25.6,1975.52,1778.02,112,42.03 
498.2,0,197.5,316.22,25.6,1975.52,1778.02,200,51.06 
504.62,0,197.5,292.5,28.34,1975.52,1778.02,6,21.78 
504.62,0,197.5,292.5,28.34,1975.52,1778.02,28,42.29 
504.62,0,197.5,292.5,28.34,1975.52,1778.02,56,50.60 
504.62,0,197.5,292.5,28.34,1975.52,1778.02,112,55.83 
504.62,0,197.5,292.5,28.34,1975.52,1778.02,200,60.95 
493.66,0,250.16,286.6,23.98,2173.6,1601.78,6,23.52 
493.66,0,250.16,286.6,23.98,2173.6,1601.78,28,42.22 
493.66,0,250.16,286.6,23.98,2173.6,1601.78,56,52.50 
493.66,0,250.16,286.6,23.98,2173.6,1601.78,112,60.32 
493.66,0,250.16,286.6,23.98,2173.6,1601.78,200,66.42 
550.14,0,242.7,318.96,19.8,2107.2,1555,6,23.80 
550.14,0,242.7,318.96,19.8,2107.2,1555,28,38.77 
550.14,0,242.7,318.96,19.8,2107.2,1555,56,51.33 
550.14,0,242.7,318.96,19.8,2107.2,1555,112,56.85 
550.14,0,242.7,318.96,19.8,2107.2,1555,200,58.61 
594.32,0,235.08,349.6,19.04,2045.6,1506.9,6,21.91 
594.32,0,235.08,349.6,19.04,2045.6,1506.9,28,36.99 
594.32,0,235.08,349.6,19.04,2045.6,1506.9,56,47.40 
594.32,0,235.08,349.6,19.04,2045.6,1506.9,112,51.96 
594.32,0,235.08,349.6,19.04,2045.6,1506.9,200,56.74 
427.48,0,349.48,309.58,20.32,2107,1552.7,6,17.57 
427.48,0,349.48,309.58,20.32,2107,1552.7,28,33.73 
427.48,0,349.48,309.58,20.32,2107,1552.7,56,40.15 
427.48,0,349.48,309.58,20.32,2107,1552.7,112,46.64 
427.48,0,349.48,309.58,20.32,2107,1552.7,200,50.08 
427,0,348.48,309.22,23.32,2104.6,1550.96,6,17.37 
427,0,348.48,309.22,23.32,2104.6,1550.96,28,33.70 
427,0,348.48,309.22,23.32,2104.6,1550.96,56,45.94 
427,0,348.48,309.22,23.32,2104.6,1550.96,112,51.43 
427,0,348.48,309.22,23.32,2104.6,1550.96,200,59.30 
554.38,195.64,48.92,321.4,22.38,2123.4,1564.92,6,30.45 
554.38,195.64,48.92,321.4,22.38,2123.4,1564.92,28,47.71 
554.38,195.64,48.92,321.4,22.38,2123.4,1564.92,56,63.14 
554.38,195.64,48.92,321.4,22.38,2123.4,1564.92,112,66.82 
554.38,195.64,48.92,321.4,22.38,2123.4,1564.92,200,66.95 
436.46,109.28,247.56,281.5,23.82,2151.4,1585.34,6,27.42 
436.46,109.28,247.56,281.5,23.82,2151.4,1585.34,28,35.96 
436.46,109.28,247.56,281.5,23.82,2151.4,1585.34,56,55.51 
436.46,109.28,247.56,281.5,23.82,2151.4,1585.34,112,61.99 
436.46,109.28,247.56,281.5,23.82,2151.4,1585.34,200,63.53 
429.8,107.6,243.78,311.26,19.22,2028.6,1561.16,6,18.02 
429.8,107.6,243.78,311.26,19.22,2028.6,1561.16,28,38.60 
429.8,107.6,243.78,311.26,19.22,2028.6,1561.16,56,52.20 
429.8,107.6,243.78,311.26,19.22,2028.6,1561.16,112,53.96 
429.8,107.6,243.78,311.26,19.22,2028.6,1561.16,200,56.63 
437.7,0,248.26,316.98,22.66,2157.4,1589.82,6,15.34 
437.7,0,248.26,316.98,22.66,2157.4,1589.82,28,26.05 
437.7,0,248.26,316.98,22.66,2157.4,1589.82,56,30.22 
437.7,0,248.26,316.98,22.66,2157.4,1589.82,112,37.27 
437.7,0,248.26,316.98,22.66,2157.4,1589.82,200,46.23 
752,0,0,429.2,0,2007,1524.72,6,16.28 
752,0,0,429.2,0,2007,1524.72,28,25.62 
752,0,0,429.2,0,2007,1524.72,56,31.97 
752,0,0,429.2,0,2007,1524.72,112,36.30 
752,0,0,429.2,0,2007,1524.72,200,43.06 
1000,0,0,280,8,1932,1706,56,67.57 
950,0,118,284,3.8,2196,1282,56,57.23 
630,274,0,290,11.8,2260,1490,56,81.75 
1010,0,120,390,0,2060,1260,56,64.02 
902,0,0,330,22.5,2060,1490,56,78.80 
1032,0,0,324,16.4,1602,1604,56,41.37 
1040,0,0,340,10.4,1710,1710,56,60.28 
1056,0,0,370,13.72,1840,1440,56,56.83 
1040,0,0,350,10.4,1740,1610,56,51.02 
770,0,272,316,40,1806,1536,56,55.55 
1000.2,0,0,400,6,2248.8,1226.4,56,44.13 
900.2,100,0,400,6,2248.8,1226.4,56,39.38 
794,34.4,316,334,41.6,1934,1266,56,55.65 
666,35,326,334,35.8,1992,1304,56,47.28 
668,35.2,316,378,30.6,1934,1266,56,44.33 
810,0,0,350,0,2240,1390,56,52.30 
400,400,0,380,0,2290,1320,56,49.25 
1032,0,0,324,16.52,1602,1604,56,41.37 
290,232,238,368,11.4,1666,1760,56,29.16 
320,256,244,364,12.8,1648,1758,56,39.40 
468,312,0,378,11.7,1962,1520,56,39.30 
500,360,190,318,18.9,1720,1600,56,67.87 
950,0,0,324,19,2088,1324,56,58.52 
570,380,0,326,15.2,2062,1370,56,53.58 
712,238,0,320,18.06,2122,1314,56,59.00 
550,360,240,324,20.7,1660,1530,56,76.24 
1000,0,0,302,18,2066,1310,56,69.84 
330,0.04,287.14,327.62,0,2011.2,1801.8,6,14.40 
330,257,264.2,350.12,16.16,2011.6,1493.2,6,19.42 
356.06,259.6,237.2,359.88,7.14,2014.6,1493.6,6,20.73 
334.7,259.8,257.24,350.92,15.58,2012.6,1493.2,6,14.94 
344.76,27.22,344.74,313.52,8.28,2012.6,1712.8,6,21.29 
347.08,100.1,347.06,329.54,12.94,2012.4,1587,6,23.08 
334,150.8,334,328.06,15.82,2014.6,1540.2,6,15.52 
347.62,186.74,319.8,344.68,19.46,2014.4,1493.2,6,15.82 
380.68,0,250.36,333.22,19.76,2158,1597.8,6,12.55 
500,0,191.38,383.68,10.66,1897.8,1714.4,6,8.49 
427,0,348.48,318.42,23.32,2087.2,1543.8,6,15.61 
389.36,0,201.04,340.34,14.96,1996,1803.6,6,12.18 
502.74,0,236.54,385.88,11.5,2087.2,1508.6,6,11.98 
330,0.04,287.14,327.62,0,2011.2,1801.8,28,16.88 
330,257,264.2,350.12,16.16,2011.6,1493.2,28,33.09 
356.06,259.6,237.2,359.88,7.14,2014.6,1493.6,28,34.24 
334.7,259.8,257.24,350.92,15.58,2012.6,1493.2,28,31.81 
344.76,27.22,344.74,313.52,8.28,2012.6,1712.8,28,29.75 
347.08,100.1,347.06,329.54,12.94,2012.4,1587,28,33.01 
334,150.8,334,328.06,15.82,2014.6,1540.2,28,32.90 
347.62,186.74,319.8,344.68,19.46,2014.4,1493.2,28,29.55 
380.68,0,250.36,333.22,19.76,2158,1597.8,28,19.42 
500,0,191.38,383.68,10.66,1897.8,1714.4,28,24.66 
427,0,348.48,318.42,23.32,2087.2,1543.8,28,29.59 
389.36,0,201.04,340.34,14.96,1996,1803.6,28,24.28 
502.74,0,236.54,385.88,11.5,2087.2,1508.6,28,20.73 
330,0.04,287.14,327.62,0,2011.2,1801.8,56,26.20 
330,257,264.2,350.12,16.16,2011.6,1493.2,56,46.39 
356.06,259.6,237.2,359.88,7.14,2014.6,1493.6,56,39.16 
334.7,259.8,257.24,350.92,15.58,2012.6,1493.2,56,41.20 
344.76,27.22,344.74,313.52,8.28,2012.6,1712.8,56,33.69 
347.08,100.1,347.06,329.54,12.94,2012.4,1587,56,38.20 
334,150.8,334,328.06,15.82,2014.6,1540.2,56,41.41 
347.62,186.74,319.8,344.68,19.46,2014.4,1493.2,56,37.81 
380.68,0,250.36,333.22,19.76,2158,1597.8,56,24.85 
500,0,191.38,383.68,10.66,1897.8,1714.4,56,27.22 
427,0,348.48,318.42,23.32,2087.2,1543.8,56,44.64 
389.36,0,201.04,340.34,14.96,1996,1803.6,56,37.27 
502.74,0,236.54,385.88,11.5,2087.2,1508.6,56,33.27 
330,0.04,287.14,327.62,0,2011.2,1801.8,112,36.56 
330,257,264.2,350.12,16.16,2011.6,1493.2,112,53.72 
356.06,259.6,237.2,359.88,7.14,2014.6,1493.6,112,48.59 
334.7,259.8,257.24,350.92,15.58,2012.6,1493.2,112,51.72 
344.76,27.22,344.74,313.52,8.28,2012.6,1712.8,112,35.85 
347.08,100.1,347.06,329.54,12.94,2012.4,1587,112,53.77 
334,150.8,334,328.06,15.82,2014.6,1540.2,112,53.46 
347.62,186.74,319.8,344.68,19.46,2014.4,1493.2,112,48.99 
380.68,0,250.36,333.22,19.76,2158,1597.8,112,31.72 
500,0,191.38,383.68,10.66,1897.8,1714.4,112,39.64 
427,0,348.48,318.42,23.32,2087.2,1543.8,112,51.26 
389.36,0,201.04,340.34,14.96,1996,1803.6,112,43.39 
502.74,0,236.54,385.88,11.5,2087.2,1508.6,112,39.27 
330,0.04,287.14,327.62,0,2011.2,1801.8,200,37.96 
330,257,264.2,350.12,16.16,2011.6,1493.2,200,55.02 
356.06,259.6,237.2,359.88,7.14,2014.6,1493.6,200,49.99 
334.7,259.8,257.24,350.92,15.58,2012.6,1493.2,200,53.66 
344.76,27.22,344.74,313.52,8.28,2012.6,1712.8,200,37.68 
347.08,100.1,347.06,329.54,12.94,2012.4,1587,200,56.06 
334,150.8,334,328.06,15.82,2014.6,1540.2,200,56.81 
347.62,186.74,319.8,344.68,19.46,2014.4,1493.2,200,50.94 
380.68,0,250.36,333.22,19.76,2158,1597.8,200,33.56 
500,0,191.38,383.68,10.66,1897.8,1714.4,200,41.16 
427,0,348.48,318.42,23.32,2087.2,1543.8,200,52.96 
389.36,0,201.04,340.34,14.96,1996,1803.6,200,44.28 
502.74,0,236.54,385.88,11.5,2087.2,1508.6,200,40.15 
892,48,158,324,23.22,1934,1424,56,57.03 
892,48,158,324,23.28,1934,1424,56,44.42 
892,48,158,324,23.28,1934,1424,56,51.02 
892,48,158,324,20.6,1934,1424,56,53.39 
892,48,158,324,23.22,1934,1424,6,35.36 
892,48,158,324,23.28,1934,1424,6,25.02 
892,48,158,324,23.28,1934,1424,6,23.35 
892,48,158,324,23.22,1934,1424,14,52.01 
892,48,158,324,23.28,1934,1424,14,38.02 
892,48,158,324,23.28,1934,1424,14,39.30 
892,48,158,324,23.22,1934,1424,112,61.07 
892,48,158,324,23.28,1934,1424,112,56.14 
892,48,158,324,23.28,1934,1424,112,55.25 
892,48,158,324,20.6,1934,1424,112,54.77 
774,40,188,314,28.64,1876,1690,56,50.24 
774,40,188,314,27.86,1876,1690,56,46.68 
774,40,188,314,23.22,1876,1690,56,46.68 
774,40,188,314,28.64,1876,1690,6,22.75 
774,40,188,314,27.86,1876,1690,6,25.51 
774,40,188,314,23.22,1876,1690,6,34.77 
774,40,188,314,28.64,1876,1690,14,36.84 
774,40,188,314,27.86,1876,1690,14,45.90 
774,40,188,314,23.22,1876,1690,14,41.67 
774,40,188,314,28.64,1876,1690,112,56.34 
774,40,188,314,27.86,1876,1690,112,47.97 
774,40,188,314,23.22,1876,1690,112,61.46 
710,38,194,290,26.26,1934,1742,56,44.03 
710,38,194,290,24.5,1934,1742,56,55.45 
982,52,246,420,7.86,1764,1398,56,55.55 
982,52,246,402,7.86,1644,1398,56,57.92 
982,52,246,420,7.86,1764,1398,6,25.61 
982,52,246,420,7.86,1764,1398,14,33.49 
982,52,246,420,7.86,1764,1398,112,59.59 
982,52,246,402,7.86,1644,1398,6,29.55 
982,52,246,402,7.86,1644,1398,14,37.92 
982,52,246,402,7.86,1644,1398,112,61.86 
848,44,264,356,16.96,1644,1500,56,62.05 
848,44,264,356,16.96,1764,1500,6,32.01 
848,44,264,336,17.84,1644,1500,56,72.10 
848,44,264,356,16.96,1644,1500,14,39.00 
848,44,264,356,16.96,1644,1500,112,65.70 
848,44,264,336,17.84,1644,1500,6,32.11 
848,44,264,336,17.84,1644,1500,14,40.29 
848,44,264,336,17.84,1644,1500,112,74.36 
404,22,282,412,3.44,1884,1602,56,21.97 
404,22,282,412,3.44,1884,1602,6,9.85 
404,22,282,412,3.44,1884,1602,14,15.07 
404,22,282,412,3.44,1884,1602,112,23.25 
568,30,282,358,10.92,1684,1602,56,43.73 
568,30,282,358,10.92,1684,1602,6,13.40 
568,30,282,358,10.92,1684,1602,14,24.13 
568,30,282,358,10.92,1684,1602,112,44.52 
718,38,282,308,21.82,1884,1602,56,62.94 
718,38,282,308,21.82,1884,1602,56,59.49 
718,38,282,308,21.82,1884,1602,6,25.12 
718,38,282,308,21.82,1884,1602,6,23.64 
718,38,282,308,21.82,1884,1602,14,35.75 
718,38,282,308,21.82,1884,1602,14,38.61 
718,38,282,308,21.82,1884,1602,112,68.75 
718,38,282,308,21.82,1884,1602,112,66.78 
872,0,0,436,0,1676.8,1439.4,56,23.85 
578,0,0,384,0,1826.4,1790.6,180,32.07 
578,0,0,384,0,1826.4,1790.6,6,11.65 
786,0,0,384,0,1881.2,1571.2,6,19.20 
786,0,0,384,0,1881.2,1571.2,180,48.85 
786,0,0,384,0,1881.2,1571.2,56,39.60 
960,0,0,384,0,1872.4,1424.4,56,43.94 
960,0,0,384,0,1872.4,1424.4,14,34.57 
960,0,0,384,0,1872.4,1424.4,180,54.32 
960,0,0,384,0,1872.4,1424.4,6,24.40 
666,0,0,384,0,1862.4,1685.2,6,15.62 
510,0,0,384,0,1779.6,1890,180,21.86 
510,0,0,384,0,1779.6,1890,14,10.22 
578,0,0,384,0,1826.4,1790.6,14,14.60 
510,0,0,384,0,1779.6,1890,56,18.75 
666,0,0,384,0,1862.4,1685.2,56,31.97 
666,0,0,384,0,1862.4,1685.2,14,23.40 
578,0,0,384,0,1826.4,1790.6,56,25.57 
666,0,0,384,0,1862.4,1685.2,180,41.68 
786,0,0,384,0,1881.2,1571.2,14,27.74 
510,0,0,384,0,1779.6,1890,6,8.20 
317.6,476.4,0,371.4,0,2081.2,1468.6,14,9.62 
479.2,718.8,0,371.4,0,1883.2,1328.6,14,25.42 
476.4,317.6,0,371.4,0,2081.2,1468.6,14,15.69 
363.8,545.6,0,371.4,0,2024.8,1428.6,56,27.94 
387,580.4,0,371.4,0,1996.4,1408.6,56,32.63 
511,340.6,0,371.4,0,2053.2,1448.6,14,17.24 
545.6,363.8,0,371.4,0,2024.8,1428.6,14,19.77 
479.2,718.8,0,371.4,0,1883.2,1328.6,56,39.44 
441.6,294.4,0,371.4,0,2110,1488.6,56,25.75 
794,0,0,371.4,0,2081.2,1468.6,56,33.08 
765,0,0,371.4,0,2095.6,1478.6,14,24.07 
421.4,632.2,0,371.4,0,1954,1378.6,14,21.82 
317.6,476.4,0,371.4,0,2081.2,1468.6,56,21.07 
591.6,0,0,371.4,0,2182.8,1538.6,14,14.84 
511,340.6,0,371.4,0,2053.2,1448.6,56,32.05 
407,271.4,0,371.4,0,2152.4,1518.6,14,11.96 
794,0,0,371.4,0,2081.2,1468.6,14,25.45 
762.8,0,0,371.4,0,2209.2,1568.6,56,22.49 
591.6,0,0,371.4,0,2182.8,1538.6,56,25.22 
456,684.2,0,371.4,0,1911.6,1348.6,56,39.70 
441.6,294.4,0,371.4,0,2110,1488.6,14,13.09 
632.2,421.4,0,371.4,0,1954,1378.6,56,38.70 
271.4,407,0,371.4,0,2152.4,1518.6,14,7.51 
476.2,0,0,371.4,0,2237.6,1578.6,56,17.58 
678.4,0,0,371.4,0,2138.4,1508.6,14,21.18 
271.4,407,0,371.4,0,2152.4,1518.6,56,18.20 
387,580.4,0,371.4,0,1996.4,1408.6,14,17.20 
407,271.4,0,371.4,0,2152.4,1518.6,56,22.63 
580.4,387,0,371.4,0,1996.4,1408.6,14,21.86 
363.8,545.6,0,371.4,0,2024.8,1428.6,14,12.37 
340.6,311,0,371.4,0,2053.2,1448.6,56,25.73 
421.4,632.2,0,371.4,0,1954,1378.6,56,37.81 
456,684.2,0,371.4,0,1911.6,1348.6,14,21.92 
580.4,387,0,371.4,0,1996.4,1408.6,56,33.04 
762.8,0,0,371.4,0,2209.2,1568.6,14,14.54 
476.4,317.6,0,371.4,0,2081.2,1468.6,56,26.91 
372.4,248.2,0,371.4,0,2166.8,1528.6,14,8.00 
678.4,0,0,371.4,0,2138.4,1508.6,56,31.90 
476.2,0,0,371.4,0,2237.6,1578.6,14,10.34 
505,0,0,371.4,0,2223.2,1568.6,56,19.77 
765,0,0,371.4,0,2095.6,1478.6,56,37.44 
505,0,0,371.4,0,2223.2,1568.6,14,11.48 
632.2,421.4,0,371.4,0,1954,1378.6,14,24.44 
372.4,248.2,0,371.4,0,2166.8,1528.6,56,17.60 
340.6,311,0,371.4,0,2053.2,1448.6,14,10.73 
545.6,363.8,0,371.4,0,2024.8,1428.6,56,31.38 
678,0,0,394,0,1936,1562,6,13.22 
678,0,0,394,0,1936,1562,14,20.97 
678,0,0,394,0,1936,1562,28,27.04 
678,0,0,394,0,1936,1562,56,32.04 
678,0,0,394,0,1936,1562,180,35.17 
678,0,0,394,0,1936,1562,360,36.45 
678,0,0,394,0,1936,1562,730,38.89 
472,0,0,388,0,1936,1770,6,6.47 
472,0,0,388,0,1936,1770,28,12.84 
472,0,0,388,0,1936,1770,56,18.42 
472,0,0,388,0,1936,1770,180,21.95 
472,0,0,386,0,1936,1770,360,24.10 
472,0,0,386,0,1936,1770,730,25.08 
554,0,0,382,0,1936,1712,28,21.26 
554,0,0,382,0,1936,1712,56,25.97 
554,0,0,382,0,1936,1712,6,11.36 
554,0,0,382,0,1936,1712,180,31.25 
554,0,0,382,0,1936,1712,360,32.33 
554,0,0,382,0,1936,1712,720,33.70 
508,0,0,396,0,1936,1726,6,9.31 
508,0,0,396,0,1936,1726,180,26.94 
508,0,0,396,0,1936,1726,360,27.63 
508,0,0,396,0,1936,1726,730,29.79 
614,0,0,386,0,1936,1624,360,34.49 
614,0,0,386,0,1936,1624,730,36.15 
614,0,0,386,0,1936,1624,6,12.54 
614,0,0,386,0,1936,1624,56,27.53 
614,0,0,386,0,1936,1624,180,32.92 
472,0,0,386,0,1936,1770,14,9.99 
400,0,0,360,0,2250,1690,14,7.84 
400,0,0,360,0,2250,1690,56,12.25 
450,0,0,362,0,2226,1666,14,11.17 
450,0,0,362,0,2226,1666,56,17.34 
650,0,0,368,0,2126,1566,14,17.54 
650,0,0,368,0,2126,1566,56,30.57 
550,0,0,366,0,2176,1616,14,14.20 
550,0,0,366,0,2176,1616,56,24.50 
600,0,0,368,0,2150,1590,14,15.58 
600,0,0,368,0,2150,1590,56,26.85 
750,0,0,372,0,2076,1516,14,26.06 
750,0,0,372,0,2076,1516,56,38.21 
800,0,0,374,0,2050,1490,56,43.70 
800,0,0,374,0,2050,1490,14,30.14 
500,0,0,364,0,2200,1640,14,12.73 
500,0,0,364,0,2200,1640,56,20.87 
700,0,0,372,0,2100,1540,14,20.28 
700,0,0,372,0,2100,1540,56,34.29 
407,610.6,0,407,0,1926.8,1260,14,19.54 
500.4,333.6,0,407,0,1955.2,1388.2,180,47.71 
314,472,0,384,0,1870.8,1562.4,180,43.38 
282.6,424,0,407,0,1943.6,1497,56,29.89 
333.6,500.4,0,407,0,1951.2,1385.2,6,6.90 
245.2,367.8,0,407,0,1916.4,1600.2,180,33.19 
367.8,245.2,0,407,0,1918.4,1600,6,4.90 
204,306,0,384,0,1774,1884,6,4.57 
204,306,0,384,0,1774,1884,180,25.46 
245.2,367.8,0,407,0,1916.4,1600.2,56,24.29 
333.6,500.4,0,407,0,1951.2,1385.2,56,33.95 
400,266,0,384,0,1930.8,1612.4,6,11.41 
216.6,324.8,0,407,0,1876.4,1698,56,20.59 
610.6,407,0,407,0,1930.8,1262,14,25.89 
216.6,324.8,0,407,0,1876.4,1698,180,29.23 
232,346,0,384,0,1819.6,1783.8,180,31.02 
282.6,424,0,407,0,1943.6,1497,14,10.39 
314,472,0,384,0,1870.8,1562.4,56,33.66 
266,400,0,384,0,1854.8,1678.4,56,27.87 
500.4,333.6,0,407,0,1955.2,1388.2,14,19.35 
346,232,0,384,0,1893.6,1713.6,14,11.39 
384,576,0,384,0,1859.6,1432.2,6,12.79 
384,576,0,384,0,1859.6,1432.2,56,39.32 
306,204,0,384,0,1776,1886.2,6,4.78 
576,384,0,384,0,1864,1435.6,6,16.11 
610.6,407,0,407,0,1930.8,1262,56,43.38 
472,314,0,384,0,1945.2,1498.2,14,20.42 
346,232,0,384,0,1893.6,1713.6,6,6.94 
424,282.6,0,407,0,1946.8,1500,14,15.03 
472,314,0,384,0,1945.2,1498.2,6,13.57 
367.8,245.2,0,407,0,1918.4,1600,180,32.53 
333.6,500.4,0,407,0,1951.2,1385.2,14,15.75 
204,306,0,384,0,1774,1884,14,7.68 
576,384,0,384,0,1864,1435.6,56,38.80 
424,282.6,0,407,0,1946.8,1500,56,33.00 
204,306,0,384,0,1774,1884,56,17.28 
346,232,0,384,0,1893.6,1713.6,56,24.28 
367.8,245.2,0,407,0,1918.4,1600,56,24.05 
266,400,0,384,0,1854.8,1678.4,180,36.59 
384,576,0,384,0,1859.6,1432.2,180,50.73 
266,400,0,384,0,1854.8,1678.4,14,13.66 
610.6,407,0,407,0,1930.8,1262,6,14.14 
472,314,0,384,0,1945.2,1498.2,180,47.78 
216.6,324.8,0,407,0,1876.4,1698,6,2.33 
314,472,0,384,0,1870.8,1562.4,14,16.89 
576,384,0,384,0,1864,1435.6,14,23.52 
424,282.6,0,407,0,1946.8,1500,6,6.81 
424,282.6,0,407,0,1946.8,1500,180,39.70 
306,204,0,384,0,1776,1886.2,56,17.96 
472,314,0,384,0,1945.2,1498.2,56,32.88 
232,346,0,384,0,1819.6,1783.8,56,22.35 
367.8,245.2,0,407,0,1918.4,1600,14,10.79 
216.6,324.8,0,407,0,1876.4,1698,14,7.72 
407,610.6,0,407,0,1926.8,1260,56,41.68 
407,610.6,0,407,0,1926.8,1260,6,9.56 
266,400,0,384,0,1854.8,1678.4,6,6.88 
576,384,0,384,0,1864,1435.6,180,50.53 
400,266,0,384,0,1930.8,1612.4,14,17.17 
400,266,0,384,0,1930.8,1612.4,56,30.44 
500.4,333.6,0,407,0,1955.2,1388.2,6,9.73 
245.2,367.8,0,407,0,1916.4,1600.2,6,3.32 
306,204,0,384,0,1776,1886.2,180,26.32 
400,266,0,384,0,1930.8,1612.4,180,43.25 
232,346,0,384,0,1819.6,1783.8,6,6.28 
346,232,0,384,0,1893.6,1713.6,180,32.10 
500.4,333.6,0,407,0,1955.2,1388.2,56,36.96 
610.6,407,0,407,0,1930.8,1262,180,54.60 
384,576,0,384,0,1859.6,1432.2,14,21.48 
314,472,0,384,0,1870.8,1562.4,6,9.69 
306,204,0,384,0,1776,1886.2,14,8.37 
282.6,424,0,407,0,1943.6,1497,180,39.66 
232,346,0,384,0,1819.6,1783.8,14,10.09 
282.6,424,0,407,0,1943.6,1497,6,4.83 
245.2,367.8,0,407,0,1916.4,1600.2,14,10.35 
333.6,500.4,0,407,0,1951.2,1385.2,180,43.57 
407,610.6,0,407,0,1926.8,1260,180,51.86 
620,0,0,384,0,2024,1660,6,11.85 
620,0,0,384,0,2024,1660,14,17.24 
620,0,0,384,0,2024,1660,56,27.83 
620,0,0,384,0,2024,1660,180,35.76 
620,0,0,384,0,2024,1660,240,38.70 
662,0,0,384,0,2050,1642,6,14.31 
662,0,0,384,0,2050,1642,14,17.44 
662,0,0,384,0,2050,1642,56,31.74 
662,0,0,384,0,2050,1642,180,37.91 
662,0,0,384,0,2050,1642,240,39.38 
698,0,0,384,0,2112,1618,6,15.87 
698,0,0,384,0,2112,1618,14,9.01 
698,0,0,384,0,2112,1618,56,33.61 
698,0,0,384,0,2112,1618,180,40.66 
698,0,0,384,0,2112,1618,240,40.86 
476,0,0,372,0,2238,1578,14,12.05 
476,0,0,372,0,2238,1578,56,17.54 
592,0,0,372,0,2180,1538,14,18.91 
592,0,0,372,0,2180,1538,56,25.18 
594,0,0,372,0,2080,1468,14,30.96 
960,0,0,384,0,1872,1442,56,43.89 
960,0,0,384,0,1872,1442,180,54.28 
794,0,0,372,0,2080,1468,56,36.94 
562,0,0,372,0,2208,1548,14,14.50 
562,0,0,370,0,2208,1548,56,22.44 
1000,0,0,400,0,2250,1226,2,12.64 
1000,0,0,400,0,2250,1226,6,26.06 
1000,0,0,400,0,2250,1226,14,33.21 
1000,0,0,400,0,2250,1226,28,36.94 
1000,0,0,400,0,2250,1226,56,44.09 
1080,0,0,346,0,2250,1226,14,52.61 
1080,0,0,346,0,2250,1226,28,59.76 
1080,0,0,346,0,2250,1226,56,67.31 
1080,0,0,346,0,2250,1226,180,69.66 
1080,0,0,346,0,2250,1226,360,71.62 
1080,0,0,346,0,2250,1226,540,74.17 
700,0,0,406,0,1948,1550,14,18.13 
700,0,0,406,0,1948,1550,28,22.53 
700,0,0,406,0,1948,1550,56,27.34 
700,0,0,406,0,1948,1550,112,29.98 
700,0,0,406,0,1948,1550,180,31.35 
700,0,0,406,0,1948,1550,360,32.72 
770,0,0,372,0,1932,1526,2,6.27 
770,0,0,372,0,1932,1526,6,14.70 
770,0,0,372,0,1932,1526,14,23.22 
770,0,0,372,0,1932,1526,28,27.92 
770,0,0,372,0,1932,1526,56,31.35 
662,0,0,384,0,1956,1650,360,39.00 
662,0,0,384,0,1956,1650,720,41.24 
698,0,0,384,0,2094,1612,6,14.99 
662,0,0,384,0,1956,1650,6,13.52 
764,0,0,372,0,2094,1478,14,24.00 
764,0,0,372,0,2094,1478,56,37.42 
764,0,0,372,0,2222,1568,14,11.47 
562,0,0,372,0,2208,1548,56,22.44 
678,0,0,370,0,2138,1508,14,21.16 
678,0,0,370,0,2138,1508,56,31.84 
590,0,0,370,0,2138,1538,14,14.80 
590,0,0,370,0,2138,1538,56,25.18 
476,0,0,370,0,2236,1578,56,17.54 
592,0,0,384,0,2170,1530,14,14.20 
592,0,0,384,0,2170,1530,56,21.65 
592,0,0,384,0,2170,1530,180,29.39 
662,0,0,384,0,1758,1650,6,13.52 
662,0,0,384,0,1956,1650,14,16.26 
662,0,0,384,0,1956,1650,56,31.45 
662,0,0,384,0,1956,1650,180,37.23 
698,0,0,384,0,2094,1612,14,18.13 
698,0,0,384,0,2094,1612,56,32.72 
698,0,0,384,0,2094,1612,180,39.49 
698,0,0,384,0,2094,1612,360,41.05 
698,0,0,384,0,2094,1612,720,42.13 
604,0,0,406,0,1948,1634,28,18.13 
604,0,0,406,0,1948,1634,360,26.74 
1050,0,0,378,0,2250,1226,360,61.92 
1000,0,0,400,0,2250,1226,180,47.22 
1000,0,0,400,0,2250,1226,360,51.04 
1000,0,0,400,0,2250,1226,540,55.16 
1080,0,0,346,0,2250,1226,6,41.64 
504,0,0,370,0,2222,1568,14,13.71 
504,0,0,370,0,2222,1568,56,19.69 
678,0,0,370,0,2120,1508,56,31.65 
786,0,0,384,0,1880,1516,6,19.11 
786,0,0,384,0,1880,1516,56,39.58 
786,0,0,384,0,1880,1516,180,48.79 
764,0,0,370,0,2094,1478,14,24.00 
764,0,0,370,0,2094,1478,56,37.42 
504,0,0,372,0,2222,1568,14,11.47 
504,0,0,370,0,2222,1568,56,19.69 
620,0,0,384,0,1940,1700,14,14.99 
620,0,0,384,0,1940,1700,56,27.92 
620,0,0,384,0,1940,1700,180,34.68 
620,0,0,384,0,1940,1700,360,37.33 
620,0,0,384,0,1940,1700,720,38.11 
1050,0,0,378,0,2250,1226,6,33.80 
1050,0,0,378,0,2250,1226,14,42.42 
1050,0,0,378,0,2250,1226,28,48.40 
1050,0,0,378,0,2250,1226,56,55.94 
1050,0,0,378,0,2250,1226,180,58.78 
1050,0,0,378,0,2250,1226,540,67.11 
644,0,0,406,0,1948,1600,28,20.77 
644,0,0,406,0,1948,1600,56,25.18 
644,0,0,406,0,1948,1600,360,29.59 
604,0,0,406,0,1948,1634,56,21.75 
794,0,0,370,0,2080,1468,56,39.09 
960,0,0,384,0,1872,1442,6,24.39 
1044,0,0,292,0,1792,1792,14,50.51 
1044,0,0,292,0,1792,1792,56,74.99 
546,210,164,420,18,1808,1360,56,37.17 
324,380,296,358,38,1676,1482,56,33.76 
308,288,224,440,20,1846,1316,56,16.50 
294,230,178,404,18,1720,1658,56,19.99 
304,356,278,336,36,1888,1390,56,36.35 
620,286,222,336,44,1828,1302,56,33.69 
288,0,350,316,36,1886,1688,56,15.42 
608,280,0,428,12,1790,1444,56,33.42 
748,0,0,380,14,2026,1460,56,39.05 
318,298,232,350,30,1906,1440,56,27.68 
306,478,0,400,12,2004,1368,56,26.86 
620,286,0,336,20,1828,1608,56,45.30 
610,0,200,392,20,1918,1410,56,30.12 
302,0,368,334,24,1982,1544,56,15.57 
284,334,260,348,22,1766,1570,56,44.61 
596,274,214,402,12,1756,1310,56,53.52 
642,328,0,380,10,1740,1548,56,57.21 
732,374,0,382,14,1648,1514,56,65.91 
560,258,200,344,18,1650,1610,56,52.82 
504,194,152,388,16,1670,1642,56,33.40 
330,0,300,364,24,2046,1458,56,18.03 
312,486,0,360,22,2044,1396,56,37.36 
320,376,292,406,22,1658,1420,56,32.84 
596,0,214,372,12,1758,1630,56,42.64 
636,0,252,420,12,1722,1474,56,40.06 
574,242,188,376,18,1808,1392,56,41.94 
652,332,0,348,18,1764,1580,56,61.23 
712,0,284,386,22,1602,1556,56,40.87 
264,414,322,358,10,1734,1472,56,33.30 
644,298,0,372,16,1902,1418,56,52.42 
328,0,400,362,26,1698,1692,56,15.09 
628,0,226,340,20,1850,1566,56,38.46 
642,0,256,364,22,1740,1560,56,37.26 
280,328,256,474,12,1738,1312,56,35.23 
576,242,0,354,14,1816,1658,56,42.13 
596,0,214,420,22,1760,1488,56,31.87 
530,222,172,390,12,1666,1580,56,41.54 
320,500,0,336,24,2098,1376,56,39.45 
332,520,0,366,26,1718,1654,56,37.91 
552,232,180,360,18,1740,1536,56,44.28 
644,0,232,392,20,1636,1626,56,31.18 
298,278,218,386,12,1784,1560,56,23.69 
318,374,0,352,22,1980,1578,56,32.76 
522,200,156,402,18,1728,1522,56,32.40 
474,184,142,494,12,1706,1390,56,28.63 
626,0,226,356,16,2004,1378,56,36.80 
310,366,0,386,18,2094,1394,56,18.28 
292,460,0,404,6,1654,1744,56,33.06 
592,0,214,442,22,1638,1556,56,31.42 
266,420,0,392,6,1898,1590,56,31.03 
626,290,0,356,16,1734,1648,56,44.39 
304,0,224,368,16,1984,1632,56,12.18 
306,290,226,356,16,2004,1378,56,25.56 
280,266,206,400,14,1832,1506,56,36.44 
298,472,0,352,26,1694,1786,56,32.96 
600,0,240,424,20,1756,1456,56,23.84 
306,290,226,356,16,1734,1648,56,26.23 
296,0,274,316,32,2004,1660,56,17.95 
652,0,276,398,22,1602,1584,56,40.68 
306,290,0,356,16,2000,1644,56,19.01 
524,222,172,390,10,1790,1466,56,33.72 
316,0,390,440,22,1796,1426,56,8.54 
302,0,370,334,32,2148,1356,56,13.46 
546,0,180,398,22,1862,1524,56,32.24 
298,236,184,366,14,1906,1560,56,23.52 
286,338,286,382,16,1934,1286,56,29.72 
520,202,156,342,20,1872,1526,56,49.77 
626,322,0,356,20,1834,1518,56,52.44 
568,240,0,336,14,1940,1588,56,40.93 
672,0,0,364,6,1972,1634,56,44.86 
290,0,268,362,22,1958,1624,56,13.20 
300,474,0,348,24,2138,1350,56,37.43 
288,340,266,384,16,1628,1610,56,29.87 
662,340,0,390,16,1622,1604,56,56.61 
310,0,286,386,18,2094,1394,56,12.46 
310,366,0,386,18,1754,1736,56,23.79 
270,0,332,360,20,1922,1610,56,13.29 
532,224,174,356,20,1820,1490,56,39.42 
628,290,226,358,16,1738,1380,56,46.23 
626,290,0,254,16,2000,1644,56,44.52 
292,346,0,364,6,1972,1634,56,23.74 
288,272,212,356,14,1882,1548,56,26.14 
296,0,364,362,30,1678,1768,56,15.52 
554,234,182,382,14,1892,1332,56,43.57 
596,0,214,328,26,1906,1568,56,35.86 
626,290,0,356,16,2004,1378,56,41.05 
310,368,286,388,18,1760,1398,56,28.99 
578,268,0,390,12,1848,1520,56,46.24 
296,350,0,342,4,2000,1656,56,26.92 
290,0,358,404,16,1648,1738,56,10.54 
626,0,0,356,16,2000,1644,56,25.10 
272,324,252,344,20,1846,1528,56,29.07 
310,0,286,386,18,1754,1736,56,9.74 
510,198,154,378,12,1838,1498,56,33.80 
324,414,344,432,20,1644,1276,56,39.84 
272,392,196,398,12,1694,1566,56,26.97 
328,326,256,394,16,1922,1282,56,27.23 
324,428,328,404,20,1640,1360,56,30.65 
314,428,304,400,18,1638,1408,56,33.05 
298,306,388,384,16,1870,1246,56,24.58 
270,210,386,392,12,1930,1286,56,21.91 
318,418,322,402,14,1696,1338,56,30.88 
288,30,390,352,12,2042,1418,56,15.34 
308,348,370,456,14,1690,1224,56,24.34 
334,374,390,370,14,1796,1272,56,23.89 
368,172,380,426,12,1846,1246,56,22.93 
312,356,374,442,14,1708,1228,56,29.41 
473.8,183.4,143,493.8,12,1705.8,1390.8,56,28.63 
626.6,0,226,357,16,2003.8,1377.4,56,36.80 
309.6,366.8,0,386.6,18.2,2094.8,1393.4,56,18.29 
291.8,461,0,405,6.8,1654,1743.6,56,32.72 
592,0,213.4,442.8,21,1638.4,1556.8,56,31.42 
266.2,420.4,0,391.4,6.2,1898.8,1590.6,56,28.94 
626.6,290,0,357,16,1734.4,1648,56,40.93 
303.2,0,223.8,368.8,15.8,1984,1631.8,56,12.18 
306.2,290,226,357,16,2003.8,1377.4,56,25.56 
279.8,265.2,206.6,400.6,14.8,1832,1506.8,56,36.44 
299,472,0,351.6,25.2,1693.6,1785.4,56,32.96 
599.6,0,239.6,423,19.8,1756.4,1455.2,56,23.84 
306.2,290,226,357,16,1734.4,1648,56,26.23 
296.2,0,273.2,316.2,32.2,2003.6,1660.2,56,17.96 
653,0,275.8,398,21.6,1602.2,1585,56,38.63 
305.4,289.4,0,356.2,16,1999.4,1644.4,56,19.01 
523.8,221,172.2,390.8,10,1790.4,1465.2,56,33.72 
316.8,0,389.8,439.4,22,1795.4,1425.8,56,8.54 
301.4,0,370.6,333.4,31.2,2149,1356,56,13.46 
545.2,0,179.2,397.4,21.2,1862.6,1524.4,56,32.25 
298,235.2,183.4,365.8,14.2,1906.8,1560.6,56,23.52 
286,338.8,285.4,381.4,16.8,1934.8,1287,56,29.73 
519.8,201.2,156.8,341.2,20.8,1871.4,1525.8,56,49.77 
625.8,321,0,355.2,19.2,1833.2,1519,56,52.45 
568,239.4,0,336.6,14.4,1940.8,1588.4,56,40.93 
673,0,0,363.8,6.8,1971.6,1633.6,56,44.87 
289.6,0,267.2,361.6,22.2,1959,1623,56,13.20 
300,473.6,0,347.6,23.8,2138.6,1349.6,56,37.43 
287.4,340.4,265.2,383.2,17,1628.2,1610.6,56,29.87 
661,339.2,0,389.8,16.2,1622,1604.6,56,56.62 
309.6,0,285.6,386.6,18.2,2094.8,1393.4,56,12.46 
309.6,366.8,0,386.6,18.2,1754.4,1735.4,56,23.79 
269.4,0,331.4,360.4,20,1922,1609.8,56,13.29 
532.4,224.6,175,355.8,20.8,1819.4,1489,56,39.42 
628,290.6,226.4,357.8,16,1738.2,1380.4,56,46.23 
625.4,289.4,0,254.6,16,1999.4,1644.4,56,44.52 
291.4,345.2,0,363.8,6.8,1971.6,1633.6,56,23.74 
287.6,272.6,212.4,356.2,15,1883,1548.6,56,26.15 
296.2,0,364.2,362.8,30,1677.8,1768.6,56,15.53 
554,233.6,182,381.2,14,1893,1331.2,56,43.58 
596.2,0,215,327.2,25.6,1906.4,1568,56,35.87 
626.6,290,0,357,16,2003.8,1377.4,56,41.05 
310.4,367.8,286.4,387.6,18.4,1759.2,1397,56,28.99 
578,267.4,0,389.8,11,1848.2,1520.2,56,46.25 
295.6,350.2,0,342.4,4.4,2000,1657,56,26.92 
290.8,0,357.8,403.4,15.6,1648,1737.4,56,10.54 
625.4,0,0,356.2,16,1999.4,1644.4,56,25.10 
272.8,323.2,251.6,343.2,20.8,1845.2,1528.8,56,29.07 
309.6,0,285.6,386.6,18.2,1754.4,1735.4,56,9.74 
510.6,197.6,154,377.2,13,1838,1498.6,56,33.80 
545.6,210.2,163.6,419.4,18,1808,1359.4,56,37.17 
324,380.2,296.2,357.6,37.6,1676.2,1482.8,56,33.76 
307.2,288.4,224.6,440.2,20.2,1846.4,1315.8,56,16.50 
293,229.2,178.6,403.8,17.6,1720,1659,56,19.99 
303.6,356.2,277.4,335,36.6,1888,1389.2,56,36.35 
619.8,285.6,222.4,335.6,44.2,1827.8,1302.4,56,38.22 
287.2,0,349.8,316.8,35.8,1885.4,1689,56,15.42 
607.2,279.8,0,427,12.4,1791,1445,56,33.42 
748.6,0,0,380.4,13.4,2026.4,1460.8,56,39.06 
317.2,297.8,232,350.2,30,1906.6,1439.4,56,27.68 
305.2,477.4,0,400,12.6,2003.6,1367.8,56,26.86 
620,285.6,0,335.8,20,1828.6,1608,56,45.30 
609.6,0,199.2,392,19.6,1918.8,1410.4,56,30.12 
301.8,0,367.8,333.2,23.2,1982.4,1544.4,56,15.57 
283.8,333.2,259.4,347,21.8,1765.2,1570.6,56,44.61 
595.6,274.4,213.8,402.6,12,1756.8,1310.6,56,53.52 
642.6,328.4,0,381,9.2,1740,1548,56,57.22 
732,374,0,382.6,13.2,1648.6,1513.8,56,65.91 
559.6,257.8,200.8,344.8,19,1650.2,1609.8,56,52.83 
504.2,194.2,151.2,387.6,16.6,1671,1642.8,56,33.40 
329.2,0,300.8,363.2,23.4,2046.6,1457.8,56,18.03 
311.2,487,0,360.6,21.4,2044,1395.4,56,37.36 
320.4,376,292.8,406.4,22.6,1657.4,1419.4,56,35.31 
596.2,0,214,372.8,12.2,1758,1630.4,56,42.64 
635.8,0,253,419.4,11.4,1721,1473.2,56,40.06 
574.6,241,187.8,375.2,18.4,1808.8,1391.8,56,43.80 
651.2,332.8,0,348,17.8,1763.2,1580,56,61.24 
711.8,0,283.2,386.6,22,1602.8,1556.8,56,40.87 
264,413,321.8,357.8,11,1733.8,1471.2,56,33.31 
645,297.2,0,371.6,17,1902,1419,56,52.43 
328.4,0,400.2,362.4,25.2,1698.6,1692,56,15.09 
627.6,0,225.2,339.8,20.2,1850.6,1565.8,56,38.46 
642.8,0,255.8,365,23,1740.2,1559.4,56,37.27 
279.4,327.8,255.4,473.4,11.6,1737.2,1311.2,56,35.23 
576.8,242,0,354.8,14,1815.8,1659,56,42.14 
596.4,0,214,419.4,22.2,1759.2,1488.4,56,31.88 
529,222,173,391,11.8,1665.2,1580.8,56,41.54 
319.6,500,0,336.8,24.4,2098.6,1376.4,56,39.46 
332,519.4,0,366.4,25.4,1717.6,1653.6,56,37.92 
552.8,232,180.6,359.2,17.8,1740.2,1536.6,56,44.28 
644.4,0,231.2,392,20.8,1635.8,1626.8,56,31.18 
297,278.8,217.2,385.4,12.2,1784.8,1560,56,23.70 
318.2,373.4,0,351.2,22.6,1979.2,1577.8,56,32.77 
521.8,201,156.6,401.2,17.2,1729,1523,56,32.40 